ID,VERSION,USER_ID,ROLE_ID,CREATED_DATE,CREATED_BY_ID,CREATED_BY_NAME,MODIFIED_DATE,MODIFIED_BY_ID,MODIFIED_BY_NAME
2565169722,0,2565169721,2450958628,2025-05-29T10:00:58Z,2450958636,admin,2025-05-29T10:00:58Z,2450958636,admin
2559938513,0,2465504576,2450958628,2025-05-02T07:42:47Z,2450958636,admin,2025-05-02T07:42:47Z,2450958636,admin
2559938514,0,2465504576,2450958632,2025-05-02T07:42:47Z,2450958636,admin,2025-05-02T07:42:47Z,2450958636,admin
2642206482,0,2642206481,2485139444,2025-07-03T18:43:41Z,2450958636,admin,2025-07-03T18:43:41Z,2450958636,admin
2572931375,0,2565369985,2450958624,2025-06-16T10:29:30Z,2450958636,admin,2025-06-16T10:29:30Z,2450958636,admin
2572931376,0,2565369987,2450958624,2025-06-16T10:29:31Z,2450958636,admin,2025-06-16T10:29:31Z,2450958636,admin
2555801294,0,2555801293,2485139444,2025-04-07T07:34:53Z,2450958636,admin,2025-04-07T07:34:53Z,2450958636,admin
2555799452,0,2555799451,2450958624,2025-04-07T06:24:37Z,2450958636,admin,2025-04-07T06:24:37Z,2450958636,admin
2482203060,0,2482203059,2450958628,2025-01-30T11:41:43Z,2450958636,admin,2025-01-30T11:41:43Z,2450958636,admin
2482203061,0,2482203059,2450958624,2025-01-30T11:41:43Z,2450958636,admin,2025-01-30T11:41:43Z,2450958636,admin
2484651203,0,2450958636,2450958632,2025-02-18T08:44:25Z,2450958636,admin,2025-02-18T08:44:25Z,2450958636,admin
2561468824,0,2561468823,2485139444,2025-05-07T07:29:30Z,2450958636,admin,2025-05-07T07:29:30Z,2450958636,admin
2486706229,0,2486706228,2450958628,2025-03-13T05:55:47Z,2450958636,admin,2025-03-13T05:55:47Z,2450958636,admin
2486754644,0,2465368168,2450958628,2025-03-14T04:46:20Z,2450958636,admin,2025-03-14T04:46:20Z,2450958636,admin
2483779874,0,2483779873,2450958628,2025-02-06T03:04:34Z,2450958636,admin,2025-02-06T03:04:34Z,2450958636,admin
2642411791,0,2642411790,2450958624,2025-07-08T08:20:24Z,2450958636,admin,2025-07-08T08:20:24Z,2450958636,admin
2565168679,0,2565168678,2450958624,2025-05-29T09:41:26Z,2450958636,admin,2025-05-29T09:41:26Z,2450958636,admin
2565168681,0,2565168680,2450958624,2025-05-29T09:41:26Z,2450958636,admin,2025-05-29T09:41:26Z,2450958636,admin
2565168683,0,2565168682,2450958624,2025-05-29T09:41:26Z,2450958636,admin,2025-05-29T09:41:26Z,2450958636,admin
2565168685,0,2565168684,2450958624,2025-05-29T09:41:26Z,2450958636,admin,2025-05-29T09:41:26Z,2450958636,admin
2565168687,0,2565168686,2450958624,2025-05-29T09:41:26Z,2450958636,admin,2025-05-29T09:41:26Z,2450958636,admin
2565168689,0,2565168688,2450958624,2025-05-29T09:41:26Z,2450958636,admin,2025-05-29T09:41:26Z,2450958636,admin
2565168691,0,2565168690,2450958624,2025-05-29T09:41:26Z,2450958636,admin,2025-05-29T09:41:26Z,2450958636,admin
2565168693,0,2565168692,2450958624,2025-05-29T09:41:26Z,2450958636,admin,2025-05-29T09:41:26Z,2450958636,admin
2565168695,0,2565168694,2450958624,2025-05-29T09:41:26Z,2450958636,admin,2025-05-29T09:41:26Z,2450958636,admin
2565168697,0,2565168696,2450958624,2025-05-29T09:41:26Z,2450958636,admin,2025-05-29T09:41:26Z,2450958636,admin
2565168699,0,2565168698,2450958624,2025-05-29T09:41:26Z,2450958636,admin,2025-05-29T09:41:26Z,2450958636,admin
2565168701,0,2565168700,2450958624,2025-05-29T09:41:26Z,2450958636,admin,2025-05-29T09:41:26Z,2450958636,admin
2565168703,0,2565168702,2450958624,2025-05-29T09:41:26Z,2450958636,admin,2025-05-29T09:41:26Z,2450958636,admin
2565168705,0,2565168704,2450958624,2025-05-29T09:41:26Z,2450958636,admin,2025-05-29T09:41:26Z,2450958636,admin
2565168707,0,2565168706,2450958624,2025-05-29T09:41:26Z,2450958636,admin,2025-05-29T09:41:26Z,2450958636,admin
2565168709,0,2565168708,2450958624,2025-05-29T09:41:26Z,2450958636,admin,2025-05-29T09:41:26Z,2450958636,admin
2565168711,0,2565168710,2450958624,2025-05-29T09:41:26Z,2450958636,admin,2025-05-29T09:41:26Z,2450958636,admin
2565168713,0,2565168712,2450958624,2025-05-29T09:41:26Z,2450958636,admin,2025-05-29T09:41:26Z,2450958636,admin
2565168715,0,2565168714,2450958624,2025-05-29T09:41:26Z,2450958636,admin,2025-05-29T09:41:26Z,2450958636,admin
2565168717,0,2565168716,2450958624,2025-05-29T09:41:26Z,2450958636,admin,2025-05-29T09:41:26Z,2450958636,admin
2565168719,0,2565168718,2450958624,2025-05-29T09:41:26Z,2450958636,admin,2025-05-29T09:41:26Z,2450958636,admin
2565168721,0,2565168720,2450958624,2025-05-29T09:41:26Z,2450958636,admin,2025-05-29T09:41:26Z,2450958636,admin
2565168723,0,2565168722,2450958624,2025-05-29T09:41:26Z,2450958636,admin,2025-05-29T09:41:26Z,2450958636,admin
2565168725,0,2565168724,2450958624,2025-05-29T09:41:26Z,2450958636,admin,2025-05-29T09:41:26Z,2450958636,admin
2565168727,0,2565168726,2450958624,2025-05-29T09:41:26Z,2450958636,admin,2025-05-29T09:41:26Z,2450958636,admin
2565168729,0,2565168728,2450958624,2025-05-29T09:41:26Z,2450958636,admin,2025-05-29T09:41:26Z,2450958636,admin
2565168731,0,2565168730,2450958624,2025-05-29T09:41:26Z,2450958636,admin,2025-05-29T09:41:26Z,2450958636,admin
2565168733,0,2565168732,2450958624,2025-05-29T09:41:26Z,2450958636,admin,2025-05-29T09:41:26Z,2450958636,admin
2565168735,0,2565168734,2450958624,2025-05-29T09:41:26Z,2450958636,admin,2025-05-29T09:41:26Z,2450958636,admin
2565168737,0,2565168736,2450958624,2025-05-29T09:41:26Z,2450958636,admin,2025-05-29T09:41:26Z,2450958636,admin
2565168739,0,2565168738,2450958624,2025-05-29T09:41:26Z,2450958636,admin,2025-05-29T09:41:26Z,2450958636,admin
2565168741,0,2565168740,2450958624,2025-05-29T09:41:26Z,2450958636,admin,2025-05-29T09:41:26Z,2450958636,admin
2565168743,0,2565168742,2450958624,2025-05-29T09:41:26Z,2450958636,admin,2025-05-29T09:41:26Z,2450958636,admin
2565168745,0,2565168744,2450958624,2025-05-29T09:41:26Z,2450958636,admin,2025-05-29T09:41:26Z,2450958636,admin
2565168747,0,2565168746,2450958624,2025-05-29T09:41:26Z,2450958636,admin,2025-05-29T09:41:26Z,2450958636,admin
2565168749,0,2565168748,2450958624,2025-05-29T09:41:26Z,2450958636,admin,2025-05-29T09:41:26Z,2450958636,admin
2565168751,0,2565168750,2450958624,2025-05-29T09:41:26Z,2450958636,admin,2025-05-29T09:41:26Z,2450958636,admin
2565168753,0,2565168752,2450958624,2025-05-29T09:41:26Z,2450958636,admin,2025-05-29T09:41:26Z,2450958636,admin
2565168755,0,2565168754,2450958624,2025-05-29T09:41:26Z,2450958636,admin,2025-05-29T09:41:26Z,2450958636,admin
2565168757,0,2565168756,2450958624,2025-05-29T09:41:26Z,2450958636,admin,2025-05-29T09:41:26Z,2450958636,admin
2565168759,0,2565168758,2450958624,2025-05-29T09:41:26Z,2450958636,admin,2025-05-29T09:41:26Z,2450958636,admin
2565168761,0,2565168760,2450958624,2025-05-29T09:41:26Z,2450958636,admin,2025-05-29T09:41:26Z,2450958636,admin
2565168763,0,2565168762,2450958624,2025-05-29T09:41:26Z,2450958636,admin,2025-05-29T09:41:26Z,2450958636,admin
2565168765,0,2565168764,2450958624,2025-05-29T09:41:26Z,2450958636,admin,2025-05-29T09:41:26Z,2450958636,admin
2565168767,0,2565168766,2450958624,2025-05-29T09:41:26Z,2450958636,admin,2025-05-29T09:41:26Z,2450958636,admin
2565168769,0,2565168768,2450958624,2025-05-29T09:41:26Z,2450958636,admin,2025-05-29T09:41:26Z,2450958636,admin
650916414966392,0,650916414966391,2450958624,2025-09-22T16:45:49Z,2450958636,admin,2025-09-22T16:45:49Z,2450958636,admin
650916414966532,0,650916414966531,2450958624,2025-09-22T16:52:21Z,2450958636,admin,2025-09-22T16:52:21Z,2450958636,admin
650916414966677,0,650916414966676,2450958624,2025-09-22T17:01:13Z,2450958636,admin,2025-09-22T17:01:13Z,2450958636,admin
2472071520,0,2472071519,2450958624,2024-10-22T07:34:47Z,2450958636,admin,2024-10-22T07:34:47Z,2450958636,admin
2472071334,0,2472071333,2450958624,2024-10-22T07:34:47Z,2450958636,admin,2024-10-22T07:34:47Z,2450958636,admin
2472071336,0,2472071335,2450958624,2024-10-22T07:34:47Z,2450958636,admin,2024-10-22T07:34:47Z,2450958636,admin
2472071338,0,2472071337,2450958624,2024-10-22T07:34:47Z,2450958636,admin,2024-10-22T07:34:47Z,2450958636,admin
2472071340,0,2472071339,2450958624,2024-10-22T07:34:47Z,2450958636,admin,2024-10-22T07:34:47Z,2450958636,admin
2472071342,0,2472071341,2450958624,2024-10-22T07:34:47Z,2450958636,admin,2024-10-22T07:34:47Z,2450958636,admin
2472071344,0,2472071343,2450958624,2024-10-22T07:34:47Z,2450958636,admin,2024-10-22T07:34:47Z,2450958636,admin
2472071346,0,2472071345,2450958624,2024-10-22T07:34:47Z,2450958636,admin,2024-10-22T07:34:47Z,2450958636,admin
2472071348,0,2472071347,2450958624,2024-10-22T07:34:47Z,2450958636,admin,2024-10-22T07:34:47Z,2450958636,admin
2472071350,0,2472071349,2450958624,2024-10-22T07:34:47Z,2450958636,admin,2024-10-22T07:34:47Z,2450958636,admin
2472071352,0,2472071351,2450958624,2024-10-22T07:34:47Z,2450958636,admin,2024-10-22T07:34:47Z,2450958636,admin
2472071354,0,2472071353,2450958624,2024-10-22T07:34:47Z,2450958636,admin,2024-10-22T07:34:47Z,2450958636,admin
2472071356,0,2472071355,2450958624,2024-10-22T07:34:47Z,2450958636,admin,2024-10-22T07:34:47Z,2450958636,admin
2472071358,0,2472071357,2450958624,2024-10-22T07:34:47Z,2450958636,admin,2024-10-22T07:34:47Z,2450958636,admin
2472071360,0,2472071359,2450958624,2024-10-22T07:34:47Z,2450958636,admin,2024-10-22T07:34:47Z,2450958636,admin
2472071362,0,2472071361,2450958624,2024-10-22T07:34:47Z,2450958636,admin,2024-10-22T07:34:47Z,2450958636,admin
2472071364,0,2472071363,2450958624,2024-10-22T07:34:47Z,2450958636,admin,2024-10-22T07:34:47Z,2450958636,admin
2472071366,0,2472071365,2450958624,2024-10-22T07:34:47Z,2450958636,admin,2024-10-22T07:34:47Z,2450958636,admin
2472071368,0,2472071367,2450958624,2024-10-22T07:34:47Z,2450958636,admin,2024-10-22T07:34:47Z,2450958636,admin
2472071370,0,2472071369,2450958624,2024-10-22T07:34:47Z,2450958636,admin,2024-10-22T07:34:47Z,2450958636,admin
2472071372,0,2472071371,2450958624,2024-10-22T07:34:47Z,2450958636,admin,2024-10-22T07:34:47Z,2450958636,admin
2472071374,0,2472071373,2450958624,2024-10-22T07:34:47Z,2450958636,admin,2024-10-22T07:34:47Z,2450958636,admin
2472071376,0,2472071375,2450958624,2024-10-22T07:34:47Z,2450958636,admin,2024-10-22T07:34:47Z,2450958636,admin
2472071378,0,2472071377,2450958624,2024-10-22T07:34:47Z,2450958636,admin,2024-10-22T07:34:47Z,2450958636,admin
2472071380,0,2472071379,2450958624,2024-10-22T07:34:47Z,2450958636,admin,2024-10-22T07:34:47Z,2450958636,admin
2472071382,0,2472071381,2450958624,2024-10-22T07:34:47Z,2450958636,admin,2024-10-22T07:34:47Z,2450958636,admin
2472071384,0,2472071383,2450958624,2024-10-22T07:34:47Z,2450958636,admin,2024-10-22T07:34:47Z,2450958636,admin
2472071386,0,2472071385,2450958624,2024-10-22T07:34:47Z,2450958636,admin,2024-10-22T07:34:47Z,2450958636,admin
2472071388,0,2472071387,2450958624,2024-10-22T07:34:47Z,2450958636,admin,2024-10-22T07:34:47Z,2450958636,admin
2472071390,0,2472071389,2450958624,2024-10-22T07:34:47Z,2450958636,admin,2024-10-22T07:34:47Z,2450958636,admin
2472071392,0,2472071391,2450958624,2024-10-22T07:34:47Z,2450958636,admin,2024-10-22T07:34:47Z,2450958636,admin
2472071394,0,2472071393,2450958624,2024-10-22T07:34:47Z,2450958636,admin,2024-10-22T07:34:47Z,2450958636,admin
2472071396,0,2472071395,2450958624,2024-10-22T07:34:47Z,2450958636,admin,2024-10-22T07:34:47Z,2450958636,admin
2472071398,0,2472071397,2450958624,2024-10-22T07:34:47Z,2450958636,admin,2024-10-22T07:34:47Z,2450958636,admin
2472071400,0,2472071399,2450958624,2024-10-22T07:34:47Z,2450958636,admin,2024-10-22T07:34:47Z,2450958636,admin
2472071402,0,2472071401,2450958624,2024-10-22T07:34:47Z,2450958636,admin,2024-10-22T07:34:47Z,2450958636,admin
2472071404,0,2472071403,2450958624,2024-10-22T07:34:47Z,2450958636,admin,2024-10-22T07:34:47Z,2450958636,admin
2472071406,0,2472071405,2450958624,2024-10-22T07:34:47Z,2450958636,admin,2024-10-22T07:34:47Z,2450958636,admin
2472071408,0,2472071407,2450958624,2024-10-22T07:34:47Z,2450958636,admin,2024-10-22T07:34:47Z,2450958636,admin
2472071410,0,2472071409,2450958624,2024-10-22T07:34:47Z,2450958636,admin,2024-10-22T07:34:47Z,2450958636,admin
2472071412,0,2472071411,2450958624,2024-10-22T07:34:47Z,2450958636,admin,2024-10-22T07:34:47Z,2450958636,admin
2472071414,0,2472071413,2450958624,2024-10-22T07:34:47Z,2450958636,admin,2024-10-22T07:34:47Z,2450958636,admin
2472071416,0,2472071415,2450958624,2024-10-22T07:34:47Z,2450958636,admin,2024-10-22T07:34:47Z,2450958636,admin
2472071418,0,2472071417,2450958624,2024-10-22T07:34:47Z,2450958636,admin,2024-10-22T07:34:47Z,2450958636,admin
2472071420,0,2472071419,2450958624,2024-10-22T07:34:47Z,2450958636,admin,2024-10-22T07:34:47Z,2450958636,admin
2472071422,0,2472071421,2450958624,2024-10-22T07:34:47Z,2450958636,admin,2024-10-22T07:34:47Z,2450958636,admin
2472071424,0,2472071423,2450958624,2024-10-22T07:34:47Z,2450958636,admin,2024-10-22T07:34:47Z,2450958636,admin
2472071426,0,2472071425,2450958624,2024-10-22T07:34:47Z,2450958636,admin,2024-10-22T07:34:47Z,2450958636,admin
2472071428,0,2472071427,2450958624,2024-10-22T07:34:47Z,2450958636,admin,2024-10-22T07:34:47Z,2450958636,admin
2472071430,0,2472071429,2450958624,2024-10-22T07:34:47Z,2450958636,admin,2024-10-22T07:34:47Z,2450958636,admin
2472071432,0,2472071431,2450958624,2024-10-22T07:34:47Z,2450958636,admin,2024-10-22T07:34:47Z,2450958636,admin
2472071434,0,2472071433,2450958624,2024-10-22T07:34:47Z,2450958636,admin,2024-10-22T07:34:47Z,2450958636,admin
2472071436,0,2472071435,2450958624,2024-10-22T07:34:47Z,2450958636,admin,2024-10-22T07:34:47Z,2450958636,admin
2472071438,0,2472071437,2450958624,2024-10-22T07:34:47Z,2450958636,admin,2024-10-22T07:34:47Z,2450958636,admin
2472071440,0,2472071439,2450958624,2024-10-22T07:34:47Z,2450958636,admin,2024-10-22T07:34:47Z,2450958636,admin
2472071442,0,2472071441,2450958624,2024-10-22T07:34:47Z,2450958636,admin,2024-10-22T07:34:47Z,2450958636,admin
2472071444,0,2472071443,2450958624,2024-10-22T07:34:47Z,2450958636,admin,2024-10-22T07:34:47Z,2450958636,admin
2472071446,0,2472071445,2450958624,2024-10-22T07:34:47Z,2450958636,admin,2024-10-22T07:34:47Z,2450958636,admin
2472071448,0,2472071447,2450958624,2024-10-22T07:34:47Z,2450958636,admin,2024-10-22T07:34:47Z,2450958636,admin
2472071450,0,2472071449,2450958624,2024-10-22T07:34:47Z,2450958636,admin,2024-10-22T07:34:47Z,2450958636,admin
2472071452,0,2472071451,2450958624,2024-10-22T07:34:47Z,2450958636,admin,2024-10-22T07:34:47Z,2450958636,admin
2472071454,0,2472071453,2450958624,2024-10-22T07:34:47Z,2450958636,admin,2024-10-22T07:34:47Z,2450958636,admin
2472071456,0,2472071455,2450958624,2024-10-22T07:34:47Z,2450958636,admin,2024-10-22T07:34:47Z,2450958636,admin
2472071458,0,2472071457,2450958624,2024-10-22T07:34:47Z,2450958636,admin,2024-10-22T07:34:47Z,2450958636,admin
2472071460,0,2472071459,2450958624,2024-10-22T07:34:47Z,2450958636,admin,2024-10-22T07:34:47Z,2450958636,admin
2472071462,0,2472071461,2450958624,2024-10-22T07:34:47Z,2450958636,admin,2024-10-22T07:34:47Z,2450958636,admin
2472071464,0,2472071463,2450958624,2024-10-22T07:34:47Z,2450958636,admin,2024-10-22T07:34:47Z,2450958636,admin
2472071466,0,2472071465,2450958624,2024-10-22T07:34:47Z,2450958636,admin,2024-10-22T07:34:47Z,2450958636,admin
2472071468,0,2472071467,2450958624,2024-10-22T07:34:47Z,2450958636,admin,2024-10-22T07:34:47Z,2450958636,admin
2472071470,0,2472071469,2450958624,2024-10-22T07:34:47Z,2450958636,admin,2024-10-22T07:34:47Z,2450958636,admin
2472071472,0,2472071471,2450958624,2024-10-22T07:34:47Z,2450958636,admin,2024-10-22T07:34:47Z,2450958636,admin
2472071474,0,2472071473,2450958624,2024-10-22T07:34:47Z,2450958636,admin,2024-10-22T07:34:47Z,2450958636,admin
2472071476,0,2472071475,2450958624,2024-10-22T07:34:47Z,2450958636,admin,2024-10-22T07:34:47Z,2450958636,admin
2472071478,0,2472071477,2450958624,2024-10-22T07:34:47Z,2450958636,admin,2024-10-22T07:34:47Z,2450958636,admin
2472071480,0,2472071479,2450958624,2024-10-22T07:34:47Z,2450958636,admin,2024-10-22T07:34:47Z,2450958636,admin
2472071482,0,2472071481,2450958624,2024-10-22T07:34:47Z,2450958636,admin,2024-10-22T07:34:47Z,2450958636,admin
2472071484,0,2472071483,2450958624,2024-10-22T07:34:47Z,2450958636,admin,2024-10-22T07:34:47Z,2450958636,admin
2472071486,0,2472071485,2450958624,2024-10-22T07:34:47Z,2450958636,admin,2024-10-22T07:34:47Z,2450958636,admin
2472071488,0,2472071487,2450958624,2024-10-22T07:34:47Z,2450958636,admin,2024-10-22T07:34:47Z,2450958636,admin
2472071490,0,2472071489,2450958624,2024-10-22T07:34:47Z,2450958636,admin,2024-10-22T07:34:47Z,2450958636,admin
2472071492,0,2472071491,2450958624,2024-10-22T07:34:47Z,2450958636,admin,2024-10-22T07:34:47Z,2450958636,admin
2472071494,0,2472071493,2450958624,2024-10-22T07:34:47Z,2450958636,admin,2024-10-22T07:34:47Z,2450958636,admin
2472071496,0,2472071495,2450958624,2024-10-22T07:34:47Z,2450958636,admin,2024-10-22T07:34:47Z,2450958636,admin
2472071498,0,2472071497,2450958624,2024-10-22T07:34:47Z,2450958636,admin,2024-10-22T07:34:47Z,2450958636,admin
2472071500,0,2472071499,2450958624,2024-10-22T07:34:47Z,2450958636,admin,2024-10-22T07:34:47Z,2450958636,admin
2472071502,0,2472071501,2450958624,2024-10-22T07:34:47Z,2450958636,admin,2024-10-22T07:34:47Z,2450958636,admin
2472071504,0,2472071503,2450958624,2024-10-22T07:34:47Z,2450958636,admin,2024-10-22T07:34:47Z,2450958636,admin
2472071506,0,2472071505,2450958624,2024-10-22T07:34:47Z,2450958636,admin,2024-10-22T07:34:47Z,2450958636,admin
2472071508,0,2472071507,2450958624,2024-10-22T07:34:47Z,2450958636,admin,2024-10-22T07:34:47Z,2450958636,admin
2472071510,0,2472071509,2450958624,2024-10-22T07:34:47Z,2450958636,admin,2024-10-22T07:34:47Z,2450958636,admin
2472071512,0,2472071511,2450958624,2024-10-22T07:34:47Z,2450958636,admin,2024-10-22T07:34:47Z,2450958636,admin
2472071514,0,2472071513,2450958624,2024-10-22T07:34:47Z,2450958636,admin,2024-10-22T07:34:47Z,2450958636,admin
2472071516,0,2472071515,2450958624,2024-10-22T07:34:47Z,2450958636,admin,2024-10-22T07:34:47Z,2450958636,admin
2472071518,0,2472071517,2450958624,2024-10-22T07:34:47Z,2450958636,admin,2024-10-22T07:34:47Z,2450958636,admin
2472071522,0,2472071521,2450958624,2024-10-22T07:34:47Z,2450958636,admin,2024-10-22T07:34:47Z,2450958636,admin
2472071524,0,2472071523,2450958624,2024-10-22T07:34:47Z,2450958636,admin,2024-10-22T07:34:47Z,2450958636,admin
2472071714,0,2472071713,2450958624,2024-10-22T07:34:47Z,2450958636,admin,2024-10-22T07:34:47Z,2450958636,admin
2472071526,0,2472071525,2450958624,2024-10-22T07:34:47Z,2450958636,admin,2024-10-22T07:34:47Z,2450958636,admin
2472071528,0,2472071527,2450958624,2024-10-22T07:34:47Z,2450958636,admin,2024-10-22T07:34:47Z,2450958636,admin
2472071530,0,2472071529,2450958624,2024-10-22T07:34:47Z,2450958636,admin,2024-10-22T07:34:47Z,2450958636,admin
2472071532,0,2472071531,2450958624,2024-10-22T07:34:47Z,2450958636,admin,2024-10-22T07:34:47Z,2450958636,admin
2472071534,0,2472071533,2450958624,2024-10-22T07:34:47Z,2450958636,admin,2024-10-22T07:34:47Z,2450958636,admin
2472071536,0,2472071535,2450958624,2024-10-22T07:34:47Z,2450958636,admin,2024-10-22T07:34:47Z,2450958636,admin
2472071538,0,2472071537,2450958624,2024-10-22T07:34:47Z,2450958636,admin,2024-10-22T07:34:47Z,2450958636,admin
2472071540,0,2472071539,2450958624,2024-10-22T07:34:47Z,2450958636,admin,2024-10-22T07:34:47Z,2450958636,admin
2472071542,0,2472071541,2450958624,2024-10-22T07:34:47Z,2450958636,admin,2024-10-22T07:34:47Z,2450958636,admin
2472071544,0,2472071543,2450958624,2024-10-22T07:34:47Z,2450958636,admin,2024-10-22T07:34:47Z,2450958636,admin
2472071546,0,2472071545,2450958624,2024-10-22T07:34:47Z,2450958636,admin,2024-10-22T07:34:47Z,2450958636,admin
2472071548,0,2472071547,2450958624,2024-10-22T07:34:47Z,2450958636,admin,2024-10-22T07:34:47Z,2450958636,admin
2472071550,0,2472071549,2450958624,2024-10-22T07:34:47Z,2450958636,admin,2024-10-22T07:34:47Z,2450958636,admin
2472071552,0,2472071551,2450958624,2024-10-22T07:34:47Z,2450958636,admin,2024-10-22T07:34:47Z,2450958636,admin
2472071554,0,2472071553,2450958624,2024-10-22T07:34:47Z,2450958636,admin,2024-10-22T07:34:47Z,2450958636,admin
2472071556,0,2472071555,2450958624,2024-10-22T07:34:47Z,2450958636,admin,2024-10-22T07:34:47Z,2450958636,admin
2472071558,0,2472071557,2450958624,2024-10-22T07:34:47Z,2450958636,admin,2024-10-22T07:34:47Z,2450958636,admin
2472071560,0,2472071559,2450958624,2024-10-22T07:34:47Z,2450958636,admin,2024-10-22T07:34:47Z,2450958636,admin
2472071562,0,2472071561,2450958624,2024-10-22T07:34:47Z,2450958636,admin,2024-10-22T07:34:47Z,2450958636,admin
2472071564,0,2472071563,2450958624,2024-10-22T07:34:47Z,2450958636,admin,2024-10-22T07:34:47Z,2450958636,admin
2472071566,0,2472071565,2450958624,2024-10-22T07:34:47Z,2450958636,admin,2024-10-22T07:34:47Z,2450958636,admin
2472071568,0,2472071567,2450958624,2024-10-22T07:34:47Z,2450958636,admin,2024-10-22T07:34:47Z,2450958636,admin
2472071570,0,2472071569,2450958624,2024-10-22T07:34:47Z,2450958636,admin,2024-10-22T07:34:47Z,2450958636,admin
2472071572,0,2472071571,2450958624,2024-10-22T07:34:47Z,2450958636,admin,2024-10-22T07:34:47Z,2450958636,admin
2472071574,0,2472071573,2450958624,2024-10-22T07:34:47Z,2450958636,admin,2024-10-22T07:34:47Z,2450958636,admin
2472071576,0,2472071575,2450958624,2024-10-22T07:34:47Z,2450958636,admin,2024-10-22T07:34:47Z,2450958636,admin
2472071578,0,2472071577,2450958624,2024-10-22T07:34:47Z,2450958636,admin,2024-10-22T07:34:47Z,2450958636,admin
2472071580,0,2472071579,2450958624,2024-10-22T07:34:47Z,2450958636,admin,2024-10-22T07:34:47Z,2450958636,admin
2472071582,0,2472071581,2450958624,2024-10-22T07:34:47Z,2450958636,admin,2024-10-22T07:34:47Z,2450958636,admin
2472071584,0,2472071583,2450958624,2024-10-22T07:34:47Z,2450958636,admin,2024-10-22T07:34:47Z,2450958636,admin
2472071586,0,2472071585,2450958624,2024-10-22T07:34:47Z,2450958636,admin,2024-10-22T07:34:47Z,2450958636,admin
2472071588,0,2472071587,2450958624,2024-10-22T07:34:47Z,2450958636,admin,2024-10-22T07:34:47Z,2450958636,admin
2472071590,0,2472071589,2450958624,2024-10-22T07:34:47Z,2450958636,admin,2024-10-22T07:34:47Z,2450958636,admin
2472071592,0,2472071591,2450958624,2024-10-22T07:34:47Z,2450958636,admin,2024-10-22T07:34:47Z,2450958636,admin
2472071594,0,2472071593,2450958624,2024-10-22T07:34:47Z,2450958636,admin,2024-10-22T07:34:47Z,2450958636,admin
2472071596,0,2472071595,2450958624,2024-10-22T07:34:47Z,2450958636,admin,2024-10-22T07:34:47Z,2450958636,admin
2472071598,0,2472071597,2450958624,2024-10-22T07:34:47Z,2450958636,admin,2024-10-22T07:34:47Z,2450958636,admin
2472071600,0,2472071599,2450958624,2024-10-22T07:34:47Z,2450958636,admin,2024-10-22T07:34:47Z,2450958636,admin
2472071602,0,2472071601,2450958624,2024-10-22T07:34:47Z,2450958636,admin,2024-10-22T07:34:47Z,2450958636,admin
2472071604,0,2472071603,2450958624,2024-10-22T07:34:47Z,2450958636,admin,2024-10-22T07:34:47Z,2450958636,admin
2472071606,0,2472071605,2450958624,2024-10-22T07:34:47Z,2450958636,admin,2024-10-22T07:34:47Z,2450958636,admin
2472071608,0,2472071607,2450958624,2024-10-22T07:34:47Z,2450958636,admin,2024-10-22T07:34:47Z,2450958636,admin
2472071610,0,2472071609,2450958624,2024-10-22T07:34:47Z,2450958636,admin,2024-10-22T07:34:47Z,2450958636,admin
2472071612,0,2472071611,2450958624,2024-10-22T07:34:47Z,2450958636,admin,2024-10-22T07:34:47Z,2450958636,admin
2472071614,0,2472071613,2450958624,2024-10-22T07:34:47Z,2450958636,admin,2024-10-22T07:34:47Z,2450958636,admin
2472071616,0,2472071615,2450958624,2024-10-22T07:34:47Z,2450958636,admin,2024-10-22T07:34:47Z,2450958636,admin
2472071618,0,2472071617,2450958624,2024-10-22T07:34:47Z,2450958636,admin,2024-10-22T07:34:47Z,2450958636,admin
2472071620,0,2472071619,2450958624,2024-10-22T07:34:47Z,2450958636,admin,2024-10-22T07:34:47Z,2450958636,admin
2472071622,0,2472071621,2450958624,2024-10-22T07:34:47Z,2450958636,admin,2024-10-22T07:34:47Z,2450958636,admin
2472071624,0,2472071623,2450958624,2024-10-22T07:34:47Z,2450958636,admin,2024-10-22T07:34:47Z,2450958636,admin
2472071626,0,2472071625,2450958624,2024-10-22T07:34:47Z,2450958636,admin,2024-10-22T07:34:47Z,2450958636,admin
2472071628,0,2472071627,2450958624,2024-10-22T07:34:47Z,2450958636,admin,2024-10-22T07:34:47Z,2450958636,admin
2472071630,0,2472071629,2450958624,2024-10-22T07:34:47Z,2450958636,admin,2024-10-22T07:34:47Z,2450958636,admin
2472071632,0,2472071631,2450958624,2024-10-22T07:34:47Z,2450958636,admin,2024-10-22T07:34:47Z,2450958636,admin
2472071634,0,2472071633,2450958624,2024-10-22T07:34:47Z,2450958636,admin,2024-10-22T07:34:47Z,2450958636,admin
2472071636,0,2472071635,2450958624,2024-10-22T07:34:47Z,2450958636,admin,2024-10-22T07:34:47Z,2450958636,admin
2472071638,0,2472071637,2450958624,2024-10-22T07:34:47Z,2450958636,admin,2024-10-22T07:34:47Z,2450958636,admin
2472071640,0,2472071639,2450958624,2024-10-22T07:34:47Z,2450958636,admin,2024-10-22T07:34:47Z,2450958636,admin
2472071642,0,2472071641,2450958624,2024-10-22T07:34:47Z,2450958636,admin,2024-10-22T07:34:47Z,2450958636,admin
2472071644,0,2472071643,2450958624,2024-10-22T07:34:47Z,2450958636,admin,2024-10-22T07:34:47Z,2450958636,admin
2472071646,0,2472071645,2450958624,2024-10-22T07:34:47Z,2450958636,admin,2024-10-22T07:34:47Z,2450958636,admin
2472071648,0,2472071647,2450958624,2024-10-22T07:34:47Z,2450958636,admin,2024-10-22T07:34:47Z,2450958636,admin
2472071650,0,2472071649,2450958624,2024-10-22T07:34:47Z,2450958636,admin,2024-10-22T07:34:47Z,2450958636,admin
2472071652,0,2472071651,2450958624,2024-10-22T07:34:47Z,2450958636,admin,2024-10-22T07:34:47Z,2450958636,admin
2472071654,0,2472071653,2450958624,2024-10-22T07:34:47Z,2450958636,admin,2024-10-22T07:34:47Z,2450958636,admin
2472071656,0,2472071655,2450958624,2024-10-22T07:34:47Z,2450958636,admin,2024-10-22T07:34:47Z,2450958636,admin
2472071658,0,2472071657,2450958624,2024-10-22T07:34:47Z,2450958636,admin,2024-10-22T07:34:47Z,2450958636,admin
2472071660,0,2472071659,2450958624,2024-10-22T07:34:47Z,2450958636,admin,2024-10-22T07:34:47Z,2450958636,admin
2472071662,0,2472071661,2450958624,2024-10-22T07:34:47Z,2450958636,admin,2024-10-22T07:34:47Z,2450958636,admin
2472071664,0,2472071663,2450958624,2024-10-22T07:34:47Z,2450958636,admin,2024-10-22T07:34:47Z,2450958636,admin
2472071666,0,2472071665,2450958624,2024-10-22T07:34:47Z,2450958636,admin,2024-10-22T07:34:47Z,2450958636,admin
2472071668,0,2472071667,2450958624,2024-10-22T07:34:47Z,2450958636,admin,2024-10-22T07:34:47Z,2450958636,admin
2472071670,0,2472071669,2450958624,2024-10-22T07:34:47Z,2450958636,admin,2024-10-22T07:34:47Z,2450958636,admin
2472071672,0,2472071671,2450958624,2024-10-22T07:34:47Z,2450958636,admin,2024-10-22T07:34:47Z,2450958636,admin
2472071674,0,2472071673,2450958624,2024-10-22T07:34:47Z,2450958636,admin,2024-10-22T07:34:47Z,2450958636,admin
2472071676,0,2472071675,2450958624,2024-10-22T07:34:47Z,2450958636,admin,2024-10-22T07:34:47Z,2450958636,admin
2472071678,0,2472071677,2450958624,2024-10-22T07:34:47Z,2450958636,admin,2024-10-22T07:34:47Z,2450958636,admin
2472071680,0,2472071679,2450958624,2024-10-22T07:34:47Z,2450958636,admin,2024-10-22T07:34:47Z,2450958636,admin
2472071682,0,2472071681,2450958624,2024-10-22T07:34:47Z,2450958636,admin,2024-10-22T07:34:47Z,2450958636,admin
2472071684,0,2472071683,2450958624,2024-10-22T07:34:47Z,2450958636,admin,2024-10-22T07:34:47Z,2450958636,admin
2472071686,0,2472071685,2450958624,2024-10-22T07:34:47Z,2450958636,admin,2024-10-22T07:34:47Z,2450958636,admin
2472071688,0,2472071687,2450958624,2024-10-22T07:34:47Z,2450958636,admin,2024-10-22T07:34:47Z,2450958636,admin
2472071690,0,2472071689,2450958624,2024-10-22T07:34:47Z,2450958636,admin,2024-10-22T07:34:47Z,2450958636,admin
2472071692,0,2472071691,2450958624,2024-10-22T07:34:47Z,2450958636,admin,2024-10-22T07:34:47Z,2450958636,admin
2472071694,0,2472071693,2450958624,2024-10-22T07:34:47Z,2450958636,admin,2024-10-22T07:34:47Z,2450958636,admin
2472071696,0,2472071695,2450958624,2024-10-22T07:34:47Z,2450958636,admin,2024-10-22T07:34:47Z,2450958636,admin
2472071698,0,2472071697,2450958624,2024-10-22T07:34:47Z,2450958636,admin,2024-10-22T07:34:47Z,2450958636,admin
2472071700,0,2472071699,2450958624,2024-10-22T07:34:47Z,2450958636,admin,2024-10-22T07:34:47Z,2450958636,admin
2472071702,0,2472071701,2450958624,2024-10-22T07:34:47Z,2450958636,admin,2024-10-22T07:34:47Z,2450958636,admin
2472071704,0,2472071703,2450958624,2024-10-22T07:34:47Z,2450958636,admin,2024-10-22T07:34:47Z,2450958636,admin
2472071706,0,2472071705,2450958624,2024-10-22T07:34:47Z,2450958636,admin,2024-10-22T07:34:47Z,2450958636,admin
2472071708,0,2472071707,2450958624,2024-10-22T07:34:47Z,2450958636,admin,2024-10-22T07:34:47Z,2450958636,admin
2472071710,0,2472071709,2450958624,2024-10-22T07:34:47Z,2450958636,admin,2024-10-22T07:34:47Z,2450958636,admin
2472071712,0,2472071711,2450958624,2024-10-22T07:34:47Z,2450958636,admin,2024-10-22T07:34:47Z,2450958636,admin
2472071716,0,2472071715,2450958624,2024-10-22T07:34:47Z,2450958636,admin,2024-10-22T07:34:47Z,2450958636,admin
2472071718,0,2472071717,2450958624,2024-10-22T07:34:47Z,2450958636,admin,2024-10-22T07:34:47Z,2450958636,admin
2472071720,0,2472071719,2450958624,2024-10-22T07:34:47Z,2450958636,admin,2024-10-22T07:34:47Z,2450958636,admin
2472071722,0,2472071721,2450958624,2024-10-22T07:34:47Z,2450958636,admin,2024-10-22T07:34:47Z,2450958636,admin
2472071724,0,2472071723,2450958624,2024-10-22T07:34:47Z,2450958636,admin,2024-10-22T07:34:47Z,2450958636,admin
2472071726,0,2472071725,2450958624,2024-10-22T07:34:47Z,2450958636,admin,2024-10-22T07:34:47Z,2450958636,admin
2472071728,0,2472071727,2450958624,2024-10-22T07:34:47Z,2450958636,admin,2024-10-22T07:34:47Z,2450958636,admin
2472071730,0,2472071729,2450958624,2024-10-22T07:34:47Z,2450958636,admin,2024-10-22T07:34:47Z,2450958636,admin
2472071732,0,2472071731,2450958624,2024-10-22T07:34:47Z,2450958636,admin,2024-10-22T07:34:47Z,2450958636,admin
2472071734,0,2472071733,2450958624,2024-10-22T07:34:47Z,2450958636,admin,2024-10-22T07:34:47Z,2450958636,admin
2472071736,0,2472071735,2450958624,2024-10-22T07:34:47Z,2450958636,admin,2024-10-22T07:34:47Z,2450958636,admin
2472071738,0,2472071737,2450958624,2024-10-22T07:34:47Z,2450958636,admin,2024-10-22T07:34:47Z,2450958636,admin
2472071740,0,2472071739,2450958624,2024-10-22T07:34:47Z,2450958636,admin,2024-10-22T07:34:47Z,2450958636,admin
2472071742,0,2472071741,2450958624,2024-10-22T07:34:47Z,2450958636,admin,2024-10-22T07:34:47Z,2450958636,admin
2472071744,0,2472071743,2450958624,2024-10-22T07:34:47Z,2450958636,admin,2024-10-22T07:34:47Z,2450958636,admin
2472071746,0,2472071745,2450958624,2024-10-22T07:34:47Z,2450958636,admin,2024-10-22T07:34:47Z,2450958636,admin
2472071748,0,2472071747,2450958624,2024-10-22T07:34:47Z,2450958636,admin,2024-10-22T07:34:47Z,2450958636,admin
2472071750,0,2472071749,2450958624,2024-10-22T07:34:47Z,2450958636,admin,2024-10-22T07:34:47Z,2450958636,admin
2472071752,0,2472071751,2450958624,2024-10-22T07:34:47Z,2450958636,admin,2024-10-22T07:34:47Z,2450958636,admin
2472071754,0,2472071753,2450958624,2024-10-22T07:34:47Z,2450958636,admin,2024-10-22T07:34:47Z,2450958636,admin
2472071756,0,2472071755,2450958624,2024-10-22T07:34:47Z,2450958636,admin,2024-10-22T07:34:47Z,2450958636,admin
2472071758,0,2472071757,2450958624,2024-10-22T07:34:47Z,2450958636,admin,2024-10-22T07:34:47Z,2450958636,admin
2472071760,0,2472071759,2450958624,2024-10-22T07:34:47Z,2450958636,admin,2024-10-22T07:34:47Z,2450958636,admin
2472071762,0,2472071761,2450958624,2024-10-22T07:34:47Z,2450958636,admin,2024-10-22T07:34:47Z,2450958636,admin
2472071764,0,2472071763,2450958624,2024-10-22T07:34:47Z,2450958636,admin,2024-10-22T07:34:47Z,2450958636,admin
2472071766,0,2472071765,2450958624,2024-10-22T07:34:47Z,2450958636,admin,2024-10-22T07:34:47Z,2450958636,admin
2472071768,0,2472071767,2450958624,2024-10-22T07:34:47Z,2450958636,admin,2024-10-22T07:34:47Z,2450958636,admin
2472071770,0,2472071769,2450958624,2024-10-22T07:34:47Z,2450958636,admin,2024-10-22T07:34:47Z,2450958636,admin
2472071772,0,2472071771,2450958624,2024-10-22T07:34:47Z,2450958636,admin,2024-10-22T07:34:47Z,2450958636,admin
2472071774,0,2472071773,2450958624,2024-10-22T07:34:47Z,2450958636,admin,2024-10-22T07:34:47Z,2450958636,admin
2472071776,0,2472071775,2450958624,2024-10-22T07:34:47Z,2450958636,admin,2024-10-22T07:34:47Z,2450958636,admin
2472071778,0,2472071777,2450958624,2024-10-22T07:34:47Z,2450958636,admin,2024-10-22T07:34:47Z,2450958636,admin
2472071780,0,2472071779,2450958624,2024-10-22T07:34:47Z,2450958636,admin,2024-10-22T07:34:47Z,2450958636,admin
2472071782,0,2472071781,2450958624,2024-10-22T07:34:47Z,2450958636,admin,2024-10-22T07:34:47Z,2450958636,admin
2472071784,0,2472071783,2450958624,2024-10-22T07:34:47Z,2450958636,admin,2024-10-22T07:34:47Z,2450958636,admin
2472071786,0,2472071785,2450958624,2024-10-22T07:34:47Z,2450958636,admin,2024-10-22T07:34:47Z,2450958636,admin
2472071788,0,2472071787,2450958624,2024-10-22T07:34:47Z,2450958636,admin,2024-10-22T07:34:47Z,2450958636,admin
2472071790,0,2472071789,2450958624,2024-10-22T07:34:47Z,2450958636,admin,2024-10-22T07:34:47Z,2450958636,admin
2472071792,0,2472071791,2450958624,2024-10-22T07:34:47Z,2450958636,admin,2024-10-22T07:34:47Z,2450958636,admin
2472071794,0,2472071793,2450958624,2024-10-22T07:34:47Z,2450958636,admin,2024-10-22T07:34:47Z,2450958636,admin
2472071796,0,2472071795,2450958624,2024-10-22T07:34:47Z,2450958636,admin,2024-10-22T07:34:47Z,2450958636,admin
2472071798,0,2472071797,2450958624,2024-10-22T07:34:47Z,2450958636,admin,2024-10-22T07:34:47Z,2450958636,admin
2472071800,0,2472071799,2450958624,2024-10-22T07:34:47Z,2450958636,admin,2024-10-22T07:34:47Z,2450958636,admin
2472071802,0,2472071801,2450958624,2024-10-22T07:34:47Z,2450958636,admin,2024-10-22T07:34:47Z,2450958636,admin
2472071804,0,2472071803,2450958624,2024-10-22T07:34:47Z,2450958636,admin,2024-10-22T07:34:47Z,2450958636,admin
2472071806,0,2472071805,2450958624,2024-10-22T07:34:47Z,2450958636,admin,2024-10-22T07:34:47Z,2450958636,admin
2472071808,0,2472071807,2450958624,2024-10-22T07:34:47Z,2450958636,admin,2024-10-22T07:34:47Z,2450958636,admin
2472071810,0,2472071809,2450958624,2024-10-22T07:34:47Z,2450958636,admin,2024-10-22T07:34:47Z,2450958636,admin
2472071812,0,2472071811,2450958624,2024-10-22T07:34:47Z,2450958636,admin,2024-10-22T07:34:47Z,2450958636,admin
2472071814,0,2472071813,2450958624,2024-10-22T07:34:47Z,2450958636,admin,2024-10-22T07:34:47Z,2450958636,admin
2472071816,0,2472071815,2450958624,2024-10-22T07:34:47Z,2450958636,admin,2024-10-22T07:34:47Z,2450958636,admin
2472071818,0,2472071817,2450958624,2024-10-22T07:34:47Z,2450958636,admin,2024-10-22T07:34:47Z,2450958636,admin
2472071820,0,2472071819,2450958624,2024-10-22T07:34:47Z,2450958636,admin,2024-10-22T07:34:47Z,2450958636,admin
2472071822,0,2472071821,2450958624,2024-10-22T07:34:47Z,2450958636,admin,2024-10-22T07:34:47Z,2450958636,admin
2472071826,0,2472071825,2450958624,2024-10-22T07:34:47Z,2450958636,admin,2024-10-22T07:34:47Z,2450958636,admin
2472071828,0,2472071827,2450958624,2024-10-22T07:34:47Z,2450958636,admin,2024-10-22T07:34:47Z,2450958636,admin
2472071830,0,2472071829,2450958624,2024-10-22T07:34:47Z,2450958636,admin,2024-10-22T07:34:47Z,2450958636,admin
2472071832,0,2472071831,2450958624,2024-10-22T07:34:47Z,2450958636,admin,2024-10-22T07:34:47Z,2450958636,admin
2465368165,0,2465368164,2450958624,2024-07-03T05:16:18Z,2450958636,admin,2024-07-03T05:16:18Z,2450958636,admin
2465368169,0,2465368168,2450958624,2024-07-03T05:16:18Z,2450958636,admin,2024-07-03T05:16:18Z,2450958636,admin
2465368171,0,2465368170,2450958624,2024-07-03T05:16:18Z,2450958636,admin,2024-07-03T05:16:18Z,2450958636,admin
2465368173,0,2465368172,2450958624,2024-07-03T05:16:18Z,2450958636,admin,2024-07-03T05:16:18Z,2450958636,admin
2450958637,0,2450958636,2450958308,2024-05-15T09:37:12Z,1,Administrator,2024-05-15T09:37:12Z,1,Administrator
2450958642,0,2450958641,2450958466,2024-05-15T09:37:13Z,1,Administrator,2024-05-15T09:37:13Z,1,Administrator
2450958648,0,2450958647,2450958466,2024-05-15T09:37:13Z,1,Administrator,2024-05-15T09:37:13Z,1,Administrator
2465504569,0,2465504568,2450958624,2024-07-03T06:49:54Z,2450958647,delta_iammultipodint,2024-07-03T06:49:54Z,2450958647,delta_iammultipodint
2465504571,0,2465504570,2450958624,2024-07-03T06:49:54Z,2450958647,delta_iammultipodint,2024-07-03T06:49:54Z,2450958647,delta_iammultipodint
2465504573,0,2465504572,2450958624,2024-07-03T06:49:54Z,2450958647,delta_iammultipodint,2024-07-03T06:49:54Z,2450958647,delta_iammultipodint
2465504577,0,2465504576,2450958624,2024-07-03T06:49:54Z,2450958647,delta_iammultipodint,2024-07-03T06:49:54Z,2450958647,delta_iammultipodint
2465504579,0,2465504578,2450958624,2024-07-03T06:49:54Z,2450958647,delta_iammultipodint,2024-07-03T06:49:54Z,2450958647,delta_iammultipodint
2465504581,0,2465504580,2450958624,2024-07-03T06:49:54Z,2450958647,delta_iammultipodint,2024-07-03T06:49:54Z,2450958647,delta_iammultipodint
2465504583,0,2465504582,2450958624,2024-07-03T06:49:54Z,2450958647,delta_iammultipodint,2024-07-03T06:49:54Z,2450958647,delta_iammultipodint
2465504585,0,2465504584,2450958624,2024-07-03T06:49:54Z,2450958647,delta_iammultipodint,2024-07-03T06:49:54Z,2450958647,delta_iammultipodint
2463515088,0,2463515087,2450958624,2024-05-29T12:05:39Z,2450958636,admin,2024-05-29T12:05:39Z,2450958636,admin
2463337027,0,2450958653,2450958308,2024-05-29T04:39:57Z,2450958636,admin,2024-05-29T04:39:57Z,2450958636,admin
2463531985,0,2463531984,2450958624,2024-05-29T14:58:54Z,2450958636,admin,2024-05-29T14:58:54Z,2450958636,admin
2464390472,0,2450958653,2450958466,2024-06-07T12:47:26Z,1,Administrator,2024-06-07T12:47:26Z,1,Administrator
2747034456,0,2747034455,2450958624,2025-09-10T10:16:57Z,2450958636,admin,2025-09-10T10:16:57Z,2450958636,admin
2647918623,0,2647918622,2450958624,2025-07-24T04:46:43Z,2450958636,admin,2025-07-24T04:46:43Z,2450958636,admin
650916416790979,0,650916416790978,2450958628,2025-09-25T05:02:40Z,2450958636,admin,2025-09-25T05:02:40Z,2450958636,admin
2690560811,0,2690560810,2450958628,2025-08-21T10:55:24Z,2450958636,admin,2025-08-21T10:55:24Z,2450958636,admin
2690560841,0,2690560840,2450958624,2025-08-21T10:55:56Z,2450958636,admin,2025-08-21T10:55:56Z,2450958636,admin
2690560842,0,2690560840,2450958628,2025-08-21T10:55:56Z,2450958636,admin,2025-08-21T10:55:56Z,2450958636,admin
2751430861,0,2751430860,2450958628,2025-09-12T07:37:02Z,2450958636,admin,2025-09-12T07:37:02Z,2450958636,admin
2713229044,0,2713223715,2450958628,2025-09-05T12:20:06Z,2450958636,admin,2025-09-05T12:20:06Z,2450958636,admin
2713229045,0,2713223717,2450958628,2025-09-05T12:20:06Z,2450958636,admin,2025-09-05T12:20:06Z,2450958636,admin
2713229046,0,2713223719,2450958628,2025-09-05T12:20:06Z,2450958636,admin,2025-09-05T12:20:06Z,2450958636,admin
2713229047,0,2713223721,2450958628,2025-09-05T12:20:06Z,2450958636,admin,2025-09-05T12:20:06Z,2450958636,admin
2713229048,0,2713223723,2450958628,2025-09-05T12:20:06Z,2450958636,admin,2025-09-05T12:20:06Z,2450958636,admin
2713229049,0,2713223725,2450958628,2025-09-05T12:20:06Z,2450958636,admin,2025-09-05T12:20:06Z,2450958636,admin
2713229051,0,2713229050,2450958628,2025-09-05T12:20:06Z,2450958636,admin,2025-09-05T12:20:06Z,2450958636,admin
2713229053,0,2713229052,2450958628,2025-09-05T12:20:06Z,2450958636,admin,2025-09-05T12:20:06Z,2450958636,admin
2713229055,0,2713229054,2450958628,2025-09-05T12:20:06Z,2450958636,admin,2025-09-05T12:20:06Z,2450958636,admin
2713229057,0,2713229056,2450958628,2025-09-05T12:20:06Z,2450958636,admin,2025-09-05T12:20:06Z,2450958636,admin
2713229059,0,2713229058,2450958628,2025-09-05T12:20:06Z,2450958636,admin,2025-09-05T12:20:06Z,2450958636,admin
2713229061,0,2713229060,2450958628,2025-09-05T12:20:06Z,2450958636,admin,2025-09-05T12:20:06Z,2450958636,admin
2660168246,0,2660168232,2450958624,2025-08-07T08:01:54Z,2450958636,admin,2025-08-07T08:01:54Z,2450958636,admin
2692024614,0,2692023090,2450958624,2025-08-25T06:29:01Z,2450958636,admin,2025-08-25T06:29:01Z,2450958636,admin
2692024615,0,2555906416,2450958624,2025-08-25T06:29:01Z,2450958636,admin,2025-08-25T06:29:01Z,2450958636,admin
2713223659,0,2713223658,2450958628,2025-09-05T08:18:30Z,2450958636,admin,2025-09-05T08:18:30Z,2450958636,admin
2713223661,0,2713223660,2450958628,2025-09-05T08:18:30Z,2450958636,admin,2025-09-05T08:18:30Z,2450958636,admin
2713223663,0,2713223662,2450958628,2025-09-05T08:18:30Z,2450958636,admin,2025-09-05T08:18:30Z,2450958636,admin
2713223665,0,2713223664,2450958628,2025-09-05T08:18:30Z,2450958636,admin,2025-09-05T08:18:30Z,2450958636,admin
2713223667,0,2713223666,2450958628,2025-09-05T08:18:30Z,2450958636,admin,2025-09-05T08:18:30Z,2450958636,admin
2713223669,0,2713223668,2450958628,2025-09-05T08:18:30Z,2450958636,admin,2025-09-05T08:18:30Z,2450958636,admin
650916535244003,0,650916535243994,2450958308,2025-10-29T10:59:20Z,2450958636,admin,2025-10-29T10:59:20Z,2450958636,admin
650916535243995,0,650916535243994,2450958628,2025-10-29T10:51:04Z,2450958636,admin,2025-10-29T10:51:04Z,2450958636,admin
650916535243996,0,650916535243994,650916425585674,2025-10-29T10:51:04Z,2450958636,admin,2025-10-29T10:51:04Z,2450958636,admin
650916538791867,0,2487638067,2450958308,2025-10-30T11:36:48Z,2450958636,admin,2025-10-30T11:36:48Z,2450958636,admin
650916746583073,0,650916746583071,2450958308,2025-12-02T12:19:05Z,2450958636,admin,2025-12-02T12:19:05Z,2450958636,admin
650916746583094,0,650916746583092,2450958308,2025-12-02T12:20:19Z,2450958636,admin,2025-12-02T12:20:19Z,2450958636,admin
650916745257618,0,650916745257617,2450958308,2025-12-02T05:45:11Z,2450958636,admin,2025-12-02T05:45:11Z,2450958636,admin
